{
    "Y_578nm": {
        "lambda_m": 5.872e-7,
        "mu_Cu": 64,
        "f_ik": 0.00328,
        "g_i": 6.0,
        "E_i": 1.64,
        "E_k": 3.82
    },
    "G_510nm": {
        "lambda_m": 5.105e-7,
        "mu_Cu": 64,
        "f_ik": 0.00328,
        "g_i": 6.0,
        "E_i": 2.213e-19,
        "E_k": 6.121e-19
    }
}
